descriptor,non_null_count,missing_count,missing_rate,mean,std,min,p05,p25,p50,p75,p95,max
MW,1513.0,0,0.0,479.6619877131526,122.08305327142173,138.187,317.3844,389.3313,463.6283,564.63953,679.1826979999998,1350.4733
AlogP,1513.0,0,0.0,3.177080108207006,1.3966328800890946,-4.3611002,0.878960014,2.3355,3.1712999,4.0155001,5.48174006,7.6174002
HBA,1513.0,0,0.0,3.7329808327825513,1.4447781032011517,0.0,2.0,3.0,4.0,4.0,6.0,12.0
HBD,1513.0,0,0.0,2.001321877065433,1.6293434739941324,0.0,0.0,0.0,2.0,3.0,4.0,15.0
RB,1513.0,0,0.0,8.049570389953734,4.741135017810828,0.0,2.0,4.0,7.0,11.0,16.399999999999864,40.0
HeavyAtomCount,1513.0,0,0.0,34.08922670191672,8.520088089629928,10.0,23.0,28.0,33.0,40.0,48.0,97.0
ChiralCenterCount,1513.0,0,0.0,0.5228023793787178,1.1625389900474643,0.0,0.0,0.0,0.0,1.0,3.0,10.0
ChiralCenterCountAllPossible,1513.0,0,0.0,2.3172504957038997,1.6125581409603804,0.0,0.0,1.0,2.0,3.0,5.0,12.0
RingCount,1513.0,0,0.0,3.769993390614673,0.8773900464486025,0.0,3.0,3.0,4.0,4.0,5.0,7.0
PSA,1513.0,0,0.0,99.8428289451421,34.973717863544984,16.610001,59.220001,77.050003,95.040001,116.63,150.03,525.06
Estate,1513.0,0,0.0,82.70342973231989,24.52507480607816,23.334,48.934799,65.001999,80.750999,97.084999,123.56919999999998,275.00201
MR,1513.0,0,0.0,127.76210068407138,31.53813456019746,39.158001,87.232559,103.271,124.1626,149.72501,180.12197999999998,335.81812
Polar,1513.0,0,0.0,58.51741764771975,13.990721063423747,18.617001,40.4134004,47.783001,56.806,68.640999,81.62639939999997,148.005
sLi_Key,1513.0,0,0.0,0.0,0.0,0.0,0.0,0.0,0.0,0.0,0.0,0.0
ssBe_Key,1513.0,0,0.0,0.0,0.0,0.0,0.0,0.0,0.0,0.0,0.0,0.0
ssssBem_Key,1513.0,0,0.0,0.0,0.0,0.0,0.0,0.0,0.0,0.0,0.0,0.0
sBH2_Key,1513.0,0,0.0,0.0,0.0,0.0,0.0,0.0,0.0,0.0,0.0,0.0
ssBH_Key,1513.0,0,0.0,0.0,0.0,0.0,0.0,0.0,0.0,0.0,0.0,0.0
sssB_Key,1513.0,0,0.0,0.0,0.0,0.0,0.0,0.0,0.0,0.0,0.0,0.0
ssssBm_Key,1513.0,0,0.0,0.0,0.0,0.0,0.0,0.0,0.0,0.0,0.0,0.0
sCH3_Key,1513.0,0,0.0,0.9120951751487112,0.2832500557992942,0.0,0.0,1.0,1.0,1.0,1.0,1.0
dCH2_Key,1513.0,0,0.0,0.005948446794448116,0.07692186640341891,0.0,0.0,0.0,0.0,0.0,0.0,1.0
ssCH2_Key,1513.0,0,0.0,0.9200264375413086,0.2713419509162731,0.0,0.0,1.0,1.0,1.0,1.0,1.0
tCH_Key,1513.0,0,0.0,0.009253139458030404,0.09577881833712124,0.0,0.0,0.0,0.0,0.0,0.0,1.0
dsCH_Key,1513.0,0,0.0,0.033707865168539325,0.1805358332508234,0.0,0.0,0.0,0.0,0.0,0.0,1.0
aaCH_Key,1513.0,0,0.0,0.9900859220092532,0.09910742137859313,0.0,1.0,1.0,1.0,1.0,1.0,1.0
sssCH_Key,1513.0,0,0.0,0.7468605419695968,0.434953919877614,0.0,0.0,0.0,1.0,1.0,1.0,1.0
ddC_Key,1513.0,0,0.0,0.0,0.0,0.0,0.0,0.0,0.0,0.0,0.0,0.0
tsC_Key,1513.0,0,0.0,0.07270323859881031,0.25973460681040234,0.0,0.0,0.0,0.0,0.0,1.0,1.0
dssC_Key,1513.0,0,0.0,0.8922670191672174,0.31014538761336036,0.0,0.0,1.0,1.0,1.0,1.0,1.0
aasC_Key,1513.0,0,0.0,0.9900859220092532,0.09910742137859313,0.0,1.0,1.0,1.0,1.0,1.0,1.0
aaaC_Key,1513.0,0,0.0,0.11566424322538003,0.319927609862947,0.0,0.0,0.0,0.0,0.0,1.0,1.0
ssssC_Key,1513.0,0,0.0,0.6741573033707865,0.4688438093516076,0.0,0.0,0.0,1.0,1.0,1.0,1.0
sNH3_Key,1513.0,0,0.0,0.031064111037673495,0.17354837618506963,0.0,0.0,0.0,0.0,0.0,0.0,1.0
sNH2_Key,1513.0,0,0.0,0.46728354263053534,0.4990934475808406,0.0,0.0,0.0,0.0,1.0,1.0,1.0
ssNH2_Key,1513.0,0,0.0,0.44150693985459355,0.4967309563277623,0.0,0.0,0.0,0.0,1.0,1.0,1.0
dNH_Key,1513.0,0,0.0,0.008592200925313946,0.09232555905315776,0.0,0.0,0.0,0.0,0.0,0.0,1.0
ssNH_Key,1513.0,0,0.0,0.5994712491738269,0.49016759430036616,0.0,0.0,0.0,1.0,1.0,1.0,1.0
aaNH_Key,1513.0,0,0.0,0.02511566424322538,0.1565281487413192,0.0,0.0,0.0,0.0,0.0,0.0,1.0
tN_Key,1513.0,0,0.0,0.036351619299405155,0.18722539139114988,0.0,0.0,0.0,0.0,0.0,0.0,1.0
sssNH_Key,1513.0,0,0.0,0.02511566424322538,0.1565281487413192,0.0,0.0,0.0,0.0,0.0,0.0,1.0
dsN_Key,1513.0,0,0.0,0.3562458691341705,0.47904741548292945,0.0,0.0,0.0,0.0,1.0,1.0,1.0
aaN_Key,1513.0,0,0.0,0.4183740912095175,0.49345531542683746,0.0,0.0,0.0,0.0,1.0,1.0,1.0
sssN_Key,1513.0,0,0.0,0.5148711169861203,0.49994404440059276,0.0,0.0,0.0,1.0,1.0,1.0,1.0
ddsN_Key,1513.0,0,0.0,0.0,0.0,0.0,0.0,0.0,0.0,0.0,0.0,0.0
aasN_Key,1513.0,0,0.0,0.16920026437541308,0.37505267030455275,0.0,0.0,0.0,0.0,0.0,1.0,1.0
ssssN_Key,1513.0,0,0.0,0.0,0.0,0.0,0.0,0.0,0.0,0.0,0.0,0.0
daaN_Key,1513.0,0,0.0,0.0,0.0,0.0,0.0,0.0,0.0,0.0,0.0,0.0
sOH_Key,1513.0,0,0.0,0.4996695307336418,0.5001652073397139,0.0,0.0,0.0,0.0,1.0,1.0,1.0
dO_Key,1513.0,0,0.0,0.8506278916060807,0.35657273602085127,0.0,0.0,1.0,1.0,1.0,1.0,1.0
ssO_Key,1513.0,0,0.0,0.5446133509583608,0.49817032876501754,0.0,0.0,0.0,1.0,1.0,1.0,1.0
aaO_Key,1513.0,0,0.0,0.021810971579643092,0.14611421462514745,0.0,0.0,0.0,0.0,0.0,0.0,1.0
aOm_Key,1513.0,0,0.0,0.023132848645076007,0.15037508284494222,0.0,0.0,0.0,0.0,0.0,0.0,1.0
sOm_Key,1513.0,0,0.0,0.029081295439524125,0.1680899997510564,0.0,0.0,0.0,0.0,0.0,0.0,1.0
sF_Key,1513.0,0,0.0,0.5029742233972241,0.5001564675778921,0.0,0.0,0.0,1.0,1.0,1.0,1.0
sSiH3_Key,1513.0,0,0.0,0.0,0.0,0.0,0.0,0.0,0.0,0.0,0.0,0.0
ssSiH2_Key,1513.0,0,0.0,0.0,0.0,0.0,0.0,0.0,0.0,0.0,0.0,0.0
sssSiH_Key,1513.0,0,0.0,0.0,0.0,0.0,0.0,0.0,0.0,0.0,0.0,0.0
ssssSi_Key,1513.0,0,0.0,0.0,0.0,0.0,0.0,0.0,0.0,0.0,0.0,0.0
sPH2_Key,1513.0,0,0.0,0.0,0.0,0.0,0.0,0.0,0.0,0.0,0.0,0.0
ssPH_Key,1513.0,0,0.0,0.0,0.0,0.0,0.0,0.0,0.0,0.0,0.0,0.0
sssP_Key,1513.0,0,0.0,0.0,0.0,0.0,0.0,0.0,0.0,0.0,0.0,0.0
dsssP_Key,1513.0,0,0.0,0.0,0.0,0.0,0.0,0.0,0.0,0.0,0.0,0.0
ddsP_Key,1513.0,0,0.0,0.0,0.0,0.0,0.0,0.0,0.0,0.0,0.0,0.0
sssssP_Key,1513.0,0,0.0,0.0,0.0,0.0,0.0,0.0,0.0,0.0,0.0,0.0
sSH_Key,1513.0,0,0.0,0.0,0.0,0.0,0.0,0.0,0.0,0.0,0.0,0.0
dS_Key,1513.0,0,0.0,0.0,0.0,0.0,0.0,0.0,0.0,0.0,0.0,0.0
ssS_Key,1513.0,0,0.0,0.023793787177792465,0.1524565678060326,0.0,0.0,0.0,0.0,0.0,0.0,1.0
aaS_Key,1513.0,0,0.0,0.06741573033707865,0.25082350545744114,0.0,0.0,0.0,0.0,0.0,1.0,1.0
dssS_Key,1513.0,0,0.0,0.011896893588896233,0.10845797443793523,0.0,0.0,0.0,0.0,0.0,0.0,1.0
ddssS_Key,1513.0,0,0.0,0.22405816259087905,0.4170984135212763,0.0,0.0,0.0,0.0,0.0,1.0,1.0
ssssssS_Key,1513.0,0,0.0,0.0,0.0,0.0,0.0,0.0,0.0,0.0,0.0,0.0
Sm_Key,1513.0,0,0.0,0.0,0.0,0.0,0.0,0.0,0.0,0.0,0.0,0.0
sCl_Key,1513.0,0,0.0,0.12954395241242564,0.33591203470201614,0.0,0.0,0.0,0.0,0.0,1.0,1.0
sGeH3_Key,1513.0,0,0.0,0.0,0.0,0.0,0.0,0.0,0.0,0.0,0.0,0.0
ssGeH2_Key,1513.0,0,0.0,0.0,0.0,0.0,0.0,0.0,0.0,0.0,0.0,0.0
sssGeH_Key,1513.0,0,0.0,0.0,0.0,0.0,0.0,0.0,0.0,0.0,0.0,0.0
ssssGe_Key,1513.0,0,0.0,0.0,0.0,0.0,0.0,0.0,0.0,0.0,0.0,0.0
sAsH2_Key,1513.0,0,0.0,0.0,0.0,0.0,0.0,0.0,0.0,0.0,0.0,0.0
ssAsH_Key,1513.0,0,0.0,0.0,0.0,0.0,0.0,0.0,0.0,0.0,0.0,0.0
sssAs_Key,1513.0,0,0.0,0.0,0.0,0.0,0.0,0.0,0.0,0.0,0.0,0.0
dsssAs_Key,1513.0,0,0.0,0.0,0.0,0.0,0.0,0.0,0.0,0.0,0.0,0.0
ddsAs_Key,1513.0,0,0.0,0.0,0.0,0.0,0.0,0.0,0.0,0.0,0.0,0.0
sssssAs_Key,1513.0,0,0.0,0.0,0.0,0.0,0.0,0.0,0.0,0.0,0.0,0.0
sSeH_Key,1513.0,0,0.0,0.0,0.0,0.0,0.0,0.0,0.0,0.0,0.0,0.0
dSe_Key,1513.0,0,0.0,0.0,0.0,0.0,0.0,0.0,0.0,0.0,0.0,0.0
ssSe_Key,1513.0,0,0.0,0.0,0.0,0.0,0.0,0.0,0.0,0.0,0.0,0.0
aaSe_Key,1513.0,0,0.0,0.0,0.0,0.0,0.0,0.0,0.0,0.0,0.0,0.0
dssSe_Key,1513.0,0,0.0,0.0,0.0,0.0,0.0,0.0,0.0,0.0,0.0,0.0
ssssssSe_Key,1513.0,0,0.0,0.0,0.0,0.0,0.0,0.0,0.0,0.0,0.0,0.0
ddssSe_Key,1513.0,0,0.0,0.0,0.0,0.0,0.0,0.0,0.0,0.0,0.0,0.0
sBr_Key,1513.0,0,0.0,0.027098479841374753,0.16242410178381836,0.0,0.0,0.0,0.0,0.0,0.0,1.0
sSnH3_Key,1513.0,0,0.0,0.0,0.0,0.0,0.0,0.0,0.0,0.0,0.0,0.0
ssSnH2_Key,1513.0,0,0.0,0.0,0.0,0.0,0.0,0.0,0.0,0.0,0.0,0.0
sssSnH_Key,1513.0,0,0.0,0.0,0.0,0.0,0.0,0.0,0.0,0.0,0.0,0.0
ssssSn_Key,1513.0,0,0.0,0.0,0.0,0.0,0.0,0.0,0.0,0.0,0.0,0.0
sI_Key,1513.0,0,0.0,0.0026437541308658294,0.05136641497082877,0.0,0.0,0.0,0.0,0.0,0.0,1.0
sPbH3_Key,1513.0,0,0.0,0.0,0.0,0.0,0.0,0.0,0.0,0.0,0.0,0.0
ssPbH2_Key,1513.0,0,0.0,0.0,0.0,0.0,0.0,0.0,0.0,0.0,0.0,0.0
sssPbH_Key,1513.0,0,0.0,0.0,0.0,0.0,0.0,0.0,0.0,0.0,0.0,0.0
ssssPb_Key,1513.0,0,0.0,0.0,0.0,0.0,0.0,0.0,0.0,0.0,0.0,0.0
sLi_Cnt,1513.0,0,0.0,0.0,0.0,0.0,0.0,0.0,0.0,0.0,0.0,0.0
ssBe_Cnt,1513.0,0,0.0,0.0,0.0,0.0,0.0,0.0,0.0,0.0,0.0,0.0
ssssBem_Cnt,1513.0,0,0.0,0.0,0.0,0.0,0.0,0.0,0.0,0.0,0.0,0.0
sBH2_Cnt,1513.0,0,0.0,0.0,0.0,0.0,0.0,0.0,0.0,0.0,0.0,0.0
ssBH_Cnt,1513.0,0,0.0,0.0,0.0,0.0,0.0,0.0,0.0,0.0,0.0,0.0
sssB_Cnt,1513.0,0,0.0,0.0,0.0,0.0,0.0,0.0,0.0,0.0,0.0,0.0
ssssBm_Cnt,1513.0,0,0.0,0.0,0.0,0.0,0.0,0.0,0.0,0.0,0.0,0.0
sCH3_Cnt,1513.0,0,0.0,2.4646397884996696,1.6358981782675883,0.0,0.0,1.0,2.0,4.0,5.0,11.0
dCH2_Cnt,1513.0,0,0.0,0.005948446794448116,0.07692186640341891,0.0,0.0,0.0,0.0,0.0,0.0,1.0
ssCH2_Cnt,1513.0,0,0.0,4.4520819563780565,3.1606852387518587,0.0,0.0,2.0,4.0,7.0,10.0,25.0
tCH_Cnt,1513.0,0,0.0,0.009253139458030404,0.09577881833712124,0.0,0.0,0.0,0.0,0.0,0.0,1.0
dsCH_Cnt,1513.0,0,0.0,0.058823529411764705,0.3330998248399937,0.0,0.0,0.0,0.0,0.0,0.0,4.0
aaCH_Cnt,1513.0,0,0.0,8.656311962987441,3.2008681672802224,0.0,4.0,7.0,8.0,11.0,14.0,22.0
sssCH_Cnt,1513.0,0,0.0,2.030403172504957,1.8737608699249448,0.0,0.0,0.0,2.0,3.0,5.0,14.0
ddC_Cnt,1513.0,0,0.0,0.0,0.0,0.0,0.0,0.0,0.0,0.0,0.0,0.0
tsC_Cnt,1513.0,0,0.0,0.10046265697290152,0.3820801428266153,0.0,0.0,0.0,0.0,0.0,1.0,2.0
dssC_Cnt,1513.0,0,0.0,1.6972901520158625,1.2304983745421352,0.0,0.0,1.0,2.0,2.0,3.0,13.0
aasC_Cnt,1513.0,0,0.0,5.129543952412425,1.786303228206224,0.0,2.0,4.0,5.0,6.0,8.0,10.0
aaaC_Cnt,1513.0,0,0.0,0.232650363516193,0.6455520749788183,0.0,0.0,0.0,0.0,0.0,2.0,4.0
ssssC_Cnt,1513.0,0,0.0,0.9120951751487112,0.769503317741428,0.0,0.0,0.0,1.0,1.0,2.0,3.0
sNH3_Cnt,1513.0,0,0.0,0.031064111037673495,0.17354837618506963,0.0,0.0,0.0,0.0,0.0,0.0,1.0
sNH2_Cnt,1513.0,0,0.0,0.46860541969596825,0.5018212580426595,0.0,0.0,0.0,0.0,1.0,1.0,2.0
ssNH2_Cnt,1513.0,0,0.0,0.44415069398545937,0.5023297137313975,0.0,0.0,0.0,0.0,1.0,1.0,2.0
dNH_Cnt,1513.0,0,0.0,0.008592200925313946,0.09232555905315776,0.0,0.0,0.0,0.0,0.0,0.0,1.0
ssNH_Cnt,1513.0,0,0.0,0.8420356906807667,0.9376200205617076,0.0,0.0,0.0,1.0,1.0,3.0,9.0
aaNH_Cnt,1513.0,0,0.0,0.027098479841374753,0.17421206275265258,0.0,0.0,0.0,0.0,0.0,0.0,2.0
tN_Cnt,1513.0,0,0.0,0.037012557832121616,0.19232512286366693,0.0,0.0,0.0,0.0,0.0,0.0,2.0
sssNH_Cnt,1513.0,0,0.0,0.02511566424322538,0.1565281487413192,0.0,0.0,0.0,0.0,0.0,0.0,1.0
dsN_Cnt,1513.0,0,0.0,0.37937871777924653,0.5309449348153034,0.0,0.0,0.0,0.0,1.0,1.0,2.0
aaN_Cnt,1513.0,0,0.0,0.5717118307997356,0.7836242563273859,0.0,0.0,0.0,0.0,1.0,2.0,4.0
sssN_Cnt,1513.0,0,0.0,0.5479180436219432,0.565063056506948,0.0,0.0,0.0,1.0,1.0,1.0,3.0
ddsN_Cnt,1513.0,0,0.0,0.0,0.0,0.0,0.0,0.0,0.0,0.0,0.0,0.0
aasN_Cnt,1513.0,0,0.0,0.16920026437541308,0.37505267030455275,0.0,0.0,0.0,0.0,0.0,1.0,1.0
ssssN_Cnt,1513.0,0,0.0,0.0,0.0,0.0,0.0,0.0,0.0,0.0,0.0,0.0
daaN_Cnt,1513.0,0,0.0,0.0,0.0,0.0,0.0,0.0,0.0,0.0,0.0,0.0
sOH_Cnt,1513.0,0,0.0,0.5426305353602116,0.582766351706009,0.0,0.0,0.0,0.0,1.0,1.0,3.0
dO_Cnt,1513.0,0,0.0,1.627230667547918,1.312777583772554,0.0,0.0,1.0,1.0,2.0,4.0,10.0
ssO_Cnt,1513.0,0,0.0,0.7746199603436881,0.8645522920330051,0.0,0.0,0.0,1.0,1.0,2.0,4.0
aaO_Cnt,1513.0,0,0.0,0.021810971579643092,0.14611421462514745,0.0,0.0,0.0,0.0,0.0,0.0,1.0
aOm_Cnt,1513.0,0,0.0,0.029081295439524125,0.21627012399966078,0.0,0.0,0.0,0.0,0.0,0.0,4.0
sOm_Cnt,1513.0,0,0.0,0.0356906807666887,0.2329825924512745,0.0,0.0,0.0,0.0,0.0,0.0,4.0
sF_Cnt,1513.0,0,0.0,1.1374752148050231,1.4243268983303115,0.0,0.0,0.0,1.0,2.0,4.0,10.0
sSiH3_Cnt,1513.0,0,0.0,0.0,0.0,0.0,0.0,0.0,0.0,0.0,0.0,0.0
ssSiH2_Cnt,1513.0,0,0.0,0.0,0.0,0.0,0.0,0.0,0.0,0.0,0.0,0.0
sssSiH_Cnt,1513.0,0,0.0,0.0,0.0,0.0,0.0,0.0,0.0,0.0,0.0,0.0
ssssSi_Cnt,1513.0,0,0.0,0.0,0.0,0.0,0.0,0.0,0.0,0.0,0.0,0.0
sPH2_Cnt,1513.0,0,0.0,0.0,0.0,0.0,0.0,0.0,0.0,0.0,0.0,0.0
ssPH_Cnt,1513.0,0,0.0,0.0,0.0,0.0,0.0,0.0,0.0,0.0,0.0,0.0
sssP_Cnt,1513.0,0,0.0,0.0,0.0,0.0,0.0,0.0,0.0,0.0,0.0,0.0
dsssP_Cnt,1513.0,0,0.0,0.0,0.0,0.0,0.0,0.0,0.0,0.0,0.0,0.0
ddsP_Cnt,1513.0,0,0.0,0.0,0.0,0.0,0.0,0.0,0.0,0.0,0.0,0.0
sssssP_Cnt,1513.0,0,0.0,0.0,0.0,0.0,0.0,0.0,0.0,0.0,0.0,0.0
sSH_Cnt,1513.0,0,0.0,0.0,0.0,0.0,0.0,0.0,0.0,0.0,0.0,0.0
dS_Cnt,1513.0,0,0.0,0.0,0.0,0.0,0.0,0.0,0.0,0.0,0.0,0.0
ssS_Cnt,1513.0,0,0.0,0.02511566424322538,0.1647621436917085,0.0,0.0,0.0,0.0,0.0,0.0,2.0
aaS_Cnt,1513.0,0,0.0,0.06741573033707865,0.25082350545744114,0.0,0.0,0.0,0.0,0.0,1.0,1.0
dssS_Cnt,1513.0,0,0.0,0.011896893588896233,0.10845797443793523,0.0,0.0,0.0,0.0,0.0,0.0,1.0
ddssS_Cnt,1513.0,0,0.0,0.22538003965631195,0.42112331395174757,0.0,0.0,0.0,0.0,0.0,1.0,2.0
ssssssS_Cnt,1513.0,0,0.0,0.0,0.0,0.0,0.0,0.0,0.0,0.0,0.0,0.0
Sm_Cnt,1513.0,0,0.0,0.0,0.0,0.0,0.0,0.0,0.0,0.0,0.0,0.0
sCl_Cnt,1513.0,0,0.0,0.1440846001321877,0.3905205767695373,0.0,0.0,0.0,0.0,0.0,1.0,2.0
sGeH3_Cnt,1513.0,0,0.0,0.0,0.0,0.0,0.0,0.0,0.0,0.0,0.0,0.0
ssGeH2_Cnt,1513.0,0,0.0,0.0,0.0,0.0,0.0,0.0,0.0,0.0,0.0,0.0
sssGeH_Cnt,1513.0,0,0.0,0.0,0.0,0.0,0.0,0.0,0.0,0.0,0.0,0.0
ssssGe_Cnt,1513.0,0,0.0,0.0,0.0,0.0,0.0,0.0,0.0,0.0,0.0,0.0
sAsH2_Cnt,1513.0,0,0.0,0.0,0.0,0.0,0.0,0.0,0.0,0.0,0.0,0.0
ssAsH_Cnt,1513.0,0,0.0,0.0,0.0,0.0,0.0,0.0,0.0,0.0,0.0,0.0
sssAs_Cnt,1513.0,0,0.0,0.0,0.0,0.0,0.0,0.0,0.0,0.0,0.0,0.0
dsssAs_Cnt,1513.0,0,0.0,0.0,0.0,0.0,0.0,0.0,0.0,0.0,0.0,0.0
ddsAs_Cnt,1513.0,0,0.0,0.0,0.0,0.0,0.0,0.0,0.0,0.0,0.0,0.0
sssssAs_Cnt,1513.0,0,0.0,0.0,0.0,0.0,0.0,0.0,0.0,0.0,0.0,0.0
sSeH_Cnt,1513.0,0,0.0,0.0,0.0,0.0,0.0,0.0,0.0,0.0,0.0,0.0
dSe_Cnt,1513.0,0,0.0,0.0,0.0,0.0,0.0,0.0,0.0,0.0,0.0,0.0
ssSe_Cnt,1513.0,0,0.0,0.0,0.0,0.0,0.0,0.0,0.0,0.0,0.0,0.0
aaSe_Cnt,1513.0,0,0.0,0.0,0.0,0.0,0.0,0.0,0.0,0.0,0.0,0.0
dssSe_Cnt,1513.0,0,0.0,0.0,0.0,0.0,0.0,0.0,0.0,0.0,0.0,0.0
ssssssSe_Cnt,1513.0,0,0.0,0.0,0.0,0.0,0.0,0.0,0.0,0.0,0.0,0.0
ddssSe_Cnt,1513.0,0,0.0,0.0,0.0,0.0,0.0,0.0,0.0,0.0,0.0,0.0
sBr_Cnt,1513.0,0,0.0,0.027098479841374753,0.16242410178381836,0.0,0.0,0.0,0.0,0.0,0.0,1.0
sSnH3_Cnt,1513.0,0,0.0,0.0,0.0,0.0,0.0,0.0,0.0,0.0,0.0,0.0
ssSnH2_Cnt,1513.0,0,0.0,0.0,0.0,0.0,0.0,0.0,0.0,0.0,0.0,0.0
sssSnH_Cnt,1513.0,0,0.0,0.0,0.0,0.0,0.0,0.0,0.0,0.0,0.0,0.0
ssssSn_Cnt,1513.0,0,0.0,0.0,0.0,0.0,0.0,0.0,0.0,0.0,0.0,0.0
sI_Cnt,1513.0,0,0.0,0.0026437541308658294,0.05136641497082877,0.0,0.0,0.0,0.0,0.0,0.0,1.0
sPbH3_Cnt,1513.0,0,0.0,0.0,0.0,0.0,0.0,0.0,0.0,0.0,0.0,0.0
ssPbH2_Cnt,1513.0,0,0.0,0.0,0.0,0.0,0.0,0.0,0.0,0.0,0.0,0.0
sssPbH_Cnt,1513.0,0,0.0,0.0,0.0,0.0,0.0,0.0,0.0,0.0,0.0,0.0
ssssPb_Cnt,1513.0,0,0.0,0.0,0.0,0.0,0.0,0.0,0.0,0.0,0.0,0.0
sLi_Sum,1513.0,0,0.0,0.0,0.0,0.0,0.0,0.0,0.0,0.0,0.0,0.0
ssBe_Sum,1513.0,0,0.0,0.0,0.0,0.0,0.0,0.0,0.0,0.0,0.0,0.0
ssssBem_Sum,1513.0,0,0.0,0.0,0.0,0.0,0.0,0.0,0.0,0.0,0.0,0.0
sBH2_Sum,1513.0,0,0.0,0.0,0.0,0.0,0.0,0.0,0.0,0.0,0.0,0.0
ssBH_Sum,1513.0,0,0.0,0.0,0.0,0.0,0.0,0.0,0.0,0.0,0.0,0.0
sssB_Sum,1513.0,0,0.0,0.0,0.0,0.0,0.0,0.0,0.0,0.0,0.0,0.0
ssssBm_Sum,1513.0,0,0.0,0.0,0.0,0.0,0.0,0.0,0.0,0.0,0.0,0.0
sCH3_Sum,1513.0,0,0.0,10.86435916140119,7.811408711363629,0.0,0.0,3.9974999,9.1103001,15.5327,24.6613794,51.1702
dCH2_Sum,1513.0,0,0.0,0.036351619299405155,0.47210595739966793,0.0,0.0,0.0,0.0,0.0,0.0,7.0
ssCH2_Sum,1513.0,0,0.0,11.89548639212029,9.849264308457796,-0.73650002,0.0,3.6984,9.7319002,18.887501,27.805239599999993,82.680397
tCH_Sum,1513.0,0,0.0,0.06609385327164574,0.686890959030934,0.0,0.0,0.0,0.0,0.0,0.0,8.0
dsCH_Sum,1513.0,0,0.0,0.2313882367481824,1.3444421898787988,0.0,0.0,0.0,0.0,0.0,0.0,17.567101
aaCH_Sum,1513.0,0,0.0,30.031713356906806,11.507622429899413,0.0,12.04718,22.8563,29.1898,36.8465,50.95451859999999,75.945503
sssCH_Sum,1513.0,0,0.0,2.6601164571480505,3.1108237383274933,-4.7919998,-0.934360006,0.0,2.1573,4.5367999,8.550679959999997,25.663
ddC_Sum,1513.0,0,0.0,0.0,0.0,0.0,0.0,0.0,0.0,0.0,0.0,0.0
tsC_Sum,1513.0,0,0.0,0.38192471771315273,1.5526724292969003,0.0,0.0,0.0,0.0,0.0,3.034919999999999,10.369
dssC_Sum,1513.0,0,0.0,2.221052209412954,2.045831034928201,-0.80879998,0.0,1.1959,1.7943,2.8227,5.087120139999996,15.6319
aasC_Sum,1513.0,0,0.0,9.574474359206873,3.7566074943955288,0.0,3.1218599,7.1177001,9.4879999,12.0445,16.0616,20.8967
aaaC_Sum,1513.0,0,0.0,0.47649299385327165,1.3365911072065464,0.0,0.0,0.0,0.0,0.0,4.2533998,9.0397997
ssssC_Sum,1513.0,0,0.0,0.18069385271791144,2.1003235745777835,-15.5593,-3.9019001,0.0,0.0,1.101,3.6133999,4.3483
sNH3_Sum,1513.0,0,0.0,0.257182087838731,1.4389177929928605,0.0,0.0,0.0,0.0,0.0,0.0,9.0594997
sNH2_Sum,1513.0,0,0.0,4.366179512491739,4.68392628256883,0.0,0.0,0.0,0.0,9.2272997,9.94248028,17.6723
ssNH2_Sum,1513.0,0,0.0,2.2983541978189033,2.612663571162827,0.0,0.0,0.0,0.0,5.0876002,5.6220402,11.2953
dNH_Sum,1513.0,0,0.0,0.1024454725710509,1.1040812191410458,0.0,0.0,0.0,0.0,0.0,0.0,13.0
ssNH_Sum,1513.0,0,0.0,4.853171978982155,5.544027388591017,0.0,0.0,0.0,5.3379998,6.0490999,14.931999999999999,51.710201
aaNH_Sum,1513.0,0,0.0,0.12886946437541308,0.8308368937361194,0.0,0.0,0.0,0.0,0.0,0.0,10.9238
tN_Sum,1513.0,0,0.0,0.3964110376734964,2.0660412572096174,0.0,0.0,0.0,0.0,0.0,0.0,21.841101
sssNH_Sum,1513.0,0,0.0,0.08922670191672175,0.5616458213133125,0.0,0.0,0.0,0.0,0.0,0.0,4.0
dsN_Sum,1513.0,0,0.0,2.4805042964970254,3.4991640493811,0.0,0.0,0.0,0.0,6.2631998,7.3483000999999994,14.8896
aaN_Sum,1513.0,0,0.0,3.359428417448777,4.5675100868630345,0.0,0.0,0.0,0.0,6.1008,12.943759999999987,18.014099
sssN_Sum,1513.0,0,0.0,1.84392055849306,2.0174238958183266,0.0,0.0,0.0,2.5081999,3.1677001,4.412980059999999,12.9562
ddsN_Sum,1513.0,0,0.0,0.0,0.0,0.0,0.0,0.0,0.0,0.0,0.0,0.0
aasN_Sum,1513.0,0,0.0,0.5773910116391276,1.2985190285945793,0.0,0.0,0.0,0.0,0.0,3.7650400999999984,4.6209002
ssssN_Sum,1513.0,0,0.0,0.0,0.0,0.0,0.0,0.0,0.0,0.0,0.0,0.0
daaN_Sum,1513.0,0,0.0,0.0,0.0,0.0,0.0,0.0,0.0,0.0,0.0,0.0
sOH_Sum,1513.0,0,0.0,9.529657426305354,10.08755500346055,0.0,0.0,0.0,0.0,17.942699,19.088359999999998,51.292
dO_Sum,1513.0,0,0.0,28.107144371447454,23.992776106262,0.0,0.0,15.8182,17.1322,37.051102,69.7228398,197.4346
ssO_Sum,1513.0,0,0.0,6.269017788367481,7.131371131014799,0.0,0.0,0.0,6.1023002,9.1384001,18.34731959999999,35.710201
aaO_Sum,1513.0,0,0.0,0.16792504897554525,1.1333052267717612,0.0,0.0,0.0,0.0,0.0,0.0,9.7137003
aOm_Sum,1513.0,0,0.0,0.4230918063450099,3.1788863913546357,0.0,0.0,0.0,0.0,0.0,0.0,60.529999
sOm_Sum,1513.0,0,0.0,0.6964294064771976,4.60221128542005,0.0,0.0,0.0,0.0,0.0,0.0,82.181801
sF_Sum,1513.0,0,0.0,18.950884916060808,23.130530776650907,0.0,0.0,0.0,15.8597,34.98,63.33025799999997,150.3821
sSiH3_Sum,1513.0,0,0.0,0.0,0.0,0.0,0.0,0.0,0.0,0.0,0.0,0.0
ssSiH2_Sum,1513.0,0,0.0,0.0,0.0,0.0,0.0,0.0,0.0,0.0,0.0,0.0
sssSiH_Sum,1513.0,0,0.0,0.0,0.0,0.0,0.0,0.0,0.0,0.0,0.0,0.0
ssssSi_Sum,1513.0,0,0.0,0.0,0.0,0.0,0.0,0.0,0.0,0.0,0.0,0.0
sPH2_Sum,1513.0,0,0.0,0.0,0.0,0.0,0.0,0.0,0.0,0.0,0.0,0.0
ssPH_Sum,1513.0,0,0.0,0.0,0.0,0.0,0.0,0.0,0.0,0.0,0.0,0.0
sssP_Sum,1513.0,0,0.0,0.0,0.0,0.0,0.0,0.0,0.0,0.0,0.0,0.0
dsssP_Sum,1513.0,0,0.0,0.0,0.0,0.0,0.0,0.0,0.0,0.0,0.0,0.0
ddsP_Sum,1513.0,0,0.0,0.0,0.0,0.0,0.0,0.0,0.0,0.0,0.0,0.0
sssssP_Sum,1513.0,0,0.0,0.0,0.0,0.0,0.0,0.0,0.0,0.0,0.0,0.0
sSH_Sum,1513.0,0,0.0,0.0,0.0,0.0,0.0,0.0,0.0,0.0,0.0,0.0
dS_Sum,1513.0,0,0.0,0.0,0.0,0.0,0.0,0.0,0.0,0.0,0.0,0.0
ssS_Sum,1513.0,0,0.0,0.08058711123595506,0.5402017563009172,0.0,0.0,0.0,0.0,0.0,0.0,7.6686001
aaS_Sum,1513.0,0,0.0,0.17674467884996695,0.6648656601622192,0.0,0.0,0.0,0.0,0.0,2.39072002,3.7089
dssS_Sum,1513.0,0,0.0,0.0008763383947124918,0.013298759951704915,-0.1533,0.0,0.0,0.0,0.0,0.0,0.28009999
ddssS_Sum,1513.0,0,0.0,-0.6283333785855916,1.184338552954833,-6.3720002,-2.99781994,0.0,0.0,0.0,0.0,0.0
ssssssS_Sum,1513.0,0,0.0,0.0,0.0,0.0,0.0,0.0,0.0,0.0,0.0,0.0
Sm_Sum,1513.0,0,0.0,0.0,0.0,0.0,0.0,0.0,0.0,0.0,0.0,0.0
sCl_Sum,1513.0,0,0.0,1.0820529423000662,2.936539769880402,0.0,0.0,0.0,0.0,0.0,7.806160159999997,15.9823
sGeH3_Sum,1513.0,0,0.0,0.0,0.0,0.0,0.0,0.0,0.0,0.0,0.0,0.0
ssGeH2_Sum,1513.0,0,0.0,0.0,0.0,0.0,0.0,0.0,0.0,0.0,0.0,0.0
sssGeH_Sum,1513.0,0,0.0,0.0,0.0,0.0,0.0,0.0,0.0,0.0,0.0,0.0
ssssGe_Sum,1513.0,0,0.0,0.0,0.0,0.0,0.0,0.0,0.0,0.0,0.0,0.0
sAsH2_Sum,1513.0,0,0.0,0.0,0.0,0.0,0.0,0.0,0.0,0.0,0.0,0.0
ssAsH_Sum,1513.0,0,0.0,0.0,0.0,0.0,0.0,0.0,0.0,0.0,0.0,0.0
sssAs_Sum,1513.0,0,0.0,0.0,0.0,0.0,0.0,0.0,0.0,0.0,0.0,0.0
dsssAs_Sum,1513.0,0,0.0,0.0,0.0,0.0,0.0,0.0,0.0,0.0,0.0,0.0
ddsAs_Sum,1513.0,0,0.0,0.0,0.0,0.0,0.0,0.0,0.0,0.0,0.0,0.0
sssssAs_Sum,1513.0,0,0.0,0.0,0.0,0.0,0.0,0.0,0.0,0.0,0.0,0.0
sSeH_Sum,1513.0,0,0.0,0.0,0.0,0.0,0.0,0.0,0.0,0.0,0.0,0.0
dSe_Sum,1513.0,0,0.0,0.0,0.0,0.0,0.0,0.0,0.0,0.0,0.0,0.0
ssSe_Sum,1513.0,0,0.0,0.0,0.0,0.0,0.0,0.0,0.0,0.0,0.0,0.0
aaSe_Sum,1513.0,0,0.0,0.0,0.0,0.0,0.0,0.0,0.0,0.0,0.0,0.0
dssSe_Sum,1513.0,0,0.0,0.0,0.0,0.0,0.0,0.0,0.0,0.0,0.0,0.0
ssssssSe_Sum,1513.0,0,0.0,0.0,0.0,0.0,0.0,0.0,0.0,0.0,0.0,0.0
ddssSe_Sum,1513.0,0,0.0,0.0,0.0,0.0,0.0,0.0,0.0,0.0,0.0,0.0
sBr_Sum,1513.0,0,0.0,0.11368142762723067,0.6845067327847041,0.0,0.0,0.0,0.0,0.0,0.0,5.0
sSnH3_Sum,1513.0,0,0.0,0.0,0.0,0.0,0.0,0.0,0.0,0.0,0.0,0.0
ssSnH2_Sum,1513.0,0,0.0,0.0,0.0,0.0,0.0,0.0,0.0,0.0,0.0,0.0
sssSnH_Sum,1513.0,0,0.0,0.0,0.0,0.0,0.0,0.0,0.0,0.0,0.0,0.0
ssssSn_Sum,1513.0,0,0.0,0.0,0.0,0.0,0.0,0.0,0.0,0.0,0.0,0.0
sI_Sum,1513.0,0,0.0,0.008626437541308658,0.16908871481132778,0.0,0.0,0.0,0.0,0.0,0.0,3.8022001
sPbH3_Sum,1513.0,0,0.0,0.0,0.0,0.0,0.0,0.0,0.0,0.0,0.0,0.0
ssPbH2_Sum,1513.0,0,0.0,0.0,0.0,0.0,0.0,0.0,0.0,0.0,0.0,0.0
sssPbH_Sum,1513.0,0,0.0,0.0,0.0,0.0,0.0,0.0,0.0,0.0,0.0,0.0
ssssPb_Sum,1513.0,0,0.0,0.0,0.0,0.0,0.0,0.0,0.0,0.0,0.0,0.0
sLi_Avg,1513.0,0,0.0,0.0,0.0,0.0,0.0,0.0,0.0,0.0,0.0,0.0
ssBe_Avg,1513.0,0,0.0,0.0,0.0,0.0,0.0,0.0,0.0,0.0,0.0,0.0
ssssBem_Avg,1513.0,0,0.0,0.0,0.0,0.0,0.0,0.0,0.0,0.0,0.0,0.0
sBH2_Avg,1513.0,0,0.0,0.0,0.0,0.0,0.0,0.0,0.0,0.0,0.0,0.0
ssBH_Avg,1513.0,0,0.0,0.0,0.0,0.0,0.0,0.0,0.0,0.0,0.0,0.0
sssB_Avg,1513.0,0,0.0,0.0,0.0,0.0,0.0,0.0,0.0,0.0,0.0,0.0
ssssBm_Avg,1513.0,0,0.0,0.0,0.0,0.0,0.0,0.0,0.0,0.0,0.0,0.0
sCH3_Avg,1513.0,0,0.0,3.8892559752148053,1.3069230477803193,0.0,0.0,3.6847,4.2251,4.6854,4.99531984,5.3922
dCH2_Avg,1513.0,0,0.0,0.036351619299405155,0.47210595739966793,0.0,0.0,0.0,0.0,0.0,0.0,7.0
ssCH2_Avg,1513.0,0,0.0,2.263388170290813,0.8880281274340567,-0.36829999,0.0,2.0483999,2.5162001,2.8406,3.1922799,3.6166
tCH_Avg,1513.0,0,0.0,0.06609385327164574,0.686890959030934,0.0,0.0,0.0,0.0,0.0,0.0,8.0
dsCH_Avg,1513.0,0,0.0,0.12946021176470587,0.7007543670581072,0.0,0.0,0.0,0.0,0.0,0.0,4.6020999
aaCH_Avg,1513.0,0,0.0,3.4289072745538665,0.5115084520158132,0.0,2.71355994,3.2437999,3.47,3.7363999,4.044800159999999,4.4608998
sssCH_Avg,1513.0,0,0.0,0.8810879714996696,1.012560090619421,-3.5746,-0.2703400019999999,0.0,1.1414,1.591,2.165380039999999,2.961
ddC_Avg,1513.0,0,0.0,0.0,0.0,0.0,0.0,0.0,0.0,0.0,0.0,0.0
tsC_Avg,1513.0,0,0.0,0.26200376682088566,0.9582871480068839,0.0,0.0,0.0,0.0,0.0,3.0336800399999997,5.1845002
dssC_Avg,1513.0,0,0.0,1.1539791132139456,0.5853005261951352,-0.1348,0.0,0.8933,1.2175,1.4761,2.0649000199999987,2.9927001
aasC_Avg,1513.0,0,0.0,1.8945586915201587,0.5464600959555849,0.0,0.949919996,1.5707,1.9054,2.2455001,2.7593,3.3491001
aaaC_Avg,1513.0,0,0.0,0.23675320608063452,0.6612084161187572,0.0,0.0,0.0,0.0,0.0,2.1266999,2.6003001
ssssC_Avg,1513.0,0,0.0,0.18066649063595508,1.3005378845631663,-5.4411001,-2.6563000599999995,0.0,0.0,1.0638,1.9163199999999998,2.3764
sNH3_Avg,1513.0,0,0.0,0.257182087838731,1.4389177929928605,0.0,0.0,0.0,0.0,0.0,0.0,9.0594997
sNH2_Avg,1513.0,0,0.0,4.354604893192333,4.6621769764425,0.0,0.0,0.0,0.0,9.2268,9.928019899999999,11.701
ssNH2_Avg,1513.0,0,0.0,2.284172505948447,2.581114293360653,0.0,0.0,0.0,0.0,5.0841999,5.61870012,5.9698
dNH_Avg,1513.0,0,0.0,0.1024454725710509,1.1040812191410458,0.0,0.0,0.0,0.0,0.0,0.0,13.0
ssNH_Avg,1513.0,0,0.0,3.420351621216127,2.8326204759939264,0.0,0.0,0.0,5.2712002,5.8766999,6.35522016,7.0072999
aaNH_Avg,1513.0,0,0.0,0.1195150031064111,0.7473064191748812,0.0,0.0,0.0,0.0,0.0,0.0,5.5219002
tN_Avg,1513.0,0,0.0,0.3891931916721745,2.0093720441973453,0.0,0.0,0.0,0.0,0.0,0.0,12.8918
sssNH_Avg,1513.0,0,0.0,0.08922670191672175,0.5616458213133125,0.0,0.0,0.0,0.0,0.0,0.0,4.0
dsN_Avg,1513.0,0,0.0,2.326578784269663,3.1463389269030477,0.0,0.0,0.0,0.0,6.2473998,7.1827201,7.7817001
aaN_Avg,1513.0,0,0.0,2.477417251883675,2.9570110985427185,0.0,0.0,0.0,0.0,5.6620002,6.8014998,8.1506996
sssN_Avg,1513.0,0,0.0,1.7184819579643094,1.727281288808584,0.0,0.0,0.0,2.5081999,3.1656001,4.2938600199999994,5.4586
ddsN_Avg,1513.0,0,0.0,0.0,0.0,0.0,0.0,0.0,0.0,0.0,0.0,0.0
aasN_Avg,1513.0,0,0.0,0.5773910116391276,1.2985190285945793,0.0,0.0,0.0,0.0,0.0,3.7650400999999984,4.6209002
ssssN_Avg,1513.0,0,0.0,0.0,0.0,0.0,0.0,0.0,0.0,0.0,0.0,0.0
daaN_Avg,1513.0,0,0.0,0.0,0.0,0.0,0.0,0.0,0.0,0.0,0.0,0.0
sOH_Avg,1513.0,0,0.0,8.825602638466624,8.864165752206253,0.0,0.0,0.0,0.0,17.8386,18.5897,20.3447
dO_Avg,1513.0,0,0.0,14.390440128883014,6.14122458548333,0.0,0.0,15.5931,16.5739,17.5823,18.807240999999998,21.1707
ssO_Avg,1513.0,0,0.0,4.396468013681428,4.106715523239211,0.0,0.0,0.0,6.0281,8.2076998,9.51884004,10.3125
aaO_Avg,1513.0,0,0.0,0.16792504897554525,1.1333052267717612,0.0,0.0,0.0,0.0,0.0,0.0,9.7137003
aOm_Avg,1513.0,0,0.0,0.3351832789160608,2.1812044763869416,0.0,0.0,0.0,0.0,0.0,0.0,16.826401
sOm_Avg,1513.0,0,0.0,0.5648871764705883,3.269538467188978,0.0,0.0,0.0,0.0,0.0,0.0,22.7155
sF_Avg,1513.0,0,0.0,8.509528853271645,8.496232724046338,0.0,0.0,0.0,14.0636,17.2304,17.97994,20.894699
sSiH3_Avg,1513.0,0,0.0,0.0,0.0,0.0,0.0,0.0,0.0,0.0,0.0,0.0
ssSiH2_Avg,1513.0,0,0.0,0.0,0.0,0.0,0.0,0.0,0.0,0.0,0.0,0.0
sssSiH_Avg,1513.0,0,0.0,0.0,0.0,0.0,0.0,0.0,0.0,0.0,0.0,0.0
ssssSi_Avg,1513.0,0,0.0,0.0,0.0,0.0,0.0,0.0,0.0,0.0,0.0,0.0
sPH2_Avg,1513.0,0,0.0,0.0,0.0,0.0,0.0,0.0,0.0,0.0,0.0,0.0
ssPH_Avg,1513.0,0,0.0,0.0,0.0,0.0,0.0,0.0,0.0,0.0,0.0,0.0
sssP_Avg,1513.0,0,0.0,0.0,0.0,0.0,0.0,0.0,0.0,0.0,0.0,0.0
dsssP_Avg,1513.0,0,0.0,0.0,0.0,0.0,0.0,0.0,0.0,0.0,0.0,0.0
ddsP_Avg,1513.0,0,0.0,0.0,0.0,0.0,0.0,0.0,0.0,0.0,0.0,0.0
sssssP_Avg,1513.0,0,0.0,0.0,0.0,0.0,0.0,0.0,0.0,0.0,0.0,0.0
sSH_Avg,1513.0,0,0.0,0.0,0.0,0.0,0.0,0.0,0.0,0.0,0.0,0.0
dS_Avg,1513.0,0,0.0,0.0,0.0,0.0,0.0,0.0,0.0,0.0,0.0,0.0
ssS_Avg,1513.0,0,0.0,0.07568519444811633,0.4878033180368706,0.0,0.0,0.0,0.0,0.0,0.0,4.0159998
aaS_Avg,1513.0,0,0.0,0.17674467884996695,0.6648656601622192,0.0,0.0,0.0,0.0,0.0,2.39072002,3.7089
dssS_Avg,1513.0,0,0.0,0.0008763383947124918,0.013298759951704915,-0.1533,0.0,0.0,0.0,0.0,0.0,0.28009999
ddssS_Avg,1513.0,0,0.0,-0.624209584666226,1.1701237029688032,-3.7825999,-2.99781994,0.0,0.0,0.0,0.0,0.0
ssssssS_Avg,1513.0,0,0.0,0.0,0.0,0.0,0.0,0.0,0.0,0.0,0.0,0.0
Sm_Avg,1513.0,0,0.0,0.0,0.0,0.0,0.0,0.0,0.0,0.0,0.0,0.0
sCl_Avg,1513.0,0,0.0,0.973094846397885,2.5281881679419045,0.0,0.0,0.0,0.0,0.0,7.66083996,8.448
sGeH3_Avg,1513.0,0,0.0,0.0,0.0,0.0,0.0,0.0,0.0,0.0,0.0,0.0
ssGeH2_Avg,1513.0,0,0.0,0.0,0.0,0.0,0.0,0.0,0.0,0.0,0.0,0.0
sssGeH_Avg,1513.0,0,0.0,0.0,0.0,0.0,0.0,0.0,0.0,0.0,0.0,0.0
ssssGe_Avg,1513.0,0,0.0,0.0,0.0,0.0,0.0,0.0,0.0,0.0,0.0,0.0
sAsH2_Avg,1513.0,0,0.0,0.0,0.0,0.0,0.0,0.0,0.0,0.0,0.0,0.0
ssAsH_Avg,1513.0,0,0.0,0.0,0.0,0.0,0.0,0.0,0.0,0.0,0.0,0.0
sssAs_Avg,1513.0,0,0.0,0.0,0.0,0.0,0.0,0.0,0.0,0.0,0.0,0.0
dsssAs_Avg,1513.0,0,0.0,0.0,0.0,0.0,0.0,0.0,0.0,0.0,0.0,0.0
ddsAs_Avg,1513.0,0,0.0,0.0,0.0,0.0,0.0,0.0,0.0,0.0,0.0,0.0
sssssAs_Avg,1513.0,0,0.0,0.0,0.0,0.0,0.0,0.0,0.0,0.0,0.0,0.0
sSeH_Avg,1513.0,0,0.0,0.0,0.0,0.0,0.0,0.0,0.0,0.0,0.0,0.0
dSe_Avg,1513.0,0,0.0,0.0,0.0,0.0,0.0,0.0,0.0,0.0,0.0,0.0
ssSe_Avg,1513.0,0,0.0,0.0,0.0,0.0,0.0,0.0,0.0,0.0,0.0,0.0
aaSe_Avg,1513.0,0,0.0,0.0,0.0,0.0,0.0,0.0,0.0,0.0,0.0,0.0
dssSe_Avg,1513.0,0,0.0,0.0,0.0,0.0,0.0,0.0,0.0,0.0,0.0,0.0
ssssssSe_Avg,1513.0,0,0.0,0.0,0.0,0.0,0.0,0.0,0.0,0.0,0.0,0.0
ddssSe_Avg,1513.0,0,0.0,0.0,0.0,0.0,0.0,0.0,0.0,0.0,0.0,0.0
sBr_Avg,1513.0,0,0.0,0.11368142762723067,0.6845067327847041,0.0,0.0,0.0,0.0,0.0,0.0,5.0
sSnH3_Avg,1513.0,0,0.0,0.0,0.0,0.0,0.0,0.0,0.0,0.0,0.0,0.0
ssSnH2_Avg,1513.0,0,0.0,0.0,0.0,0.0,0.0,0.0,0.0,0.0,0.0,0.0
sssSnH_Avg,1513.0,0,0.0,0.0,0.0,0.0,0.0,0.0,0.0,0.0,0.0,0.0
ssssSn_Avg,1513.0,0,0.0,0.0,0.0,0.0,0.0,0.0,0.0,0.0,0.0,0.0
sI_Avg,1513.0,0,0.0,0.008626437541308658,0.16908871481132778,0.0,0.0,0.0,0.0,0.0,0.0,3.8022001
sPbH3_Avg,1513.0,0,0.0,0.0,0.0,0.0,0.0,0.0,0.0,0.0,0.0,0.0
ssPbH2_Avg,1513.0,0,0.0,0.0,0.0,0.0,0.0,0.0,0.0,0.0,0.0,0.0
sssPbH_Avg,1513.0,0,0.0,0.0,0.0,0.0,0.0,0.0,0.0,0.0,0.0,0.0
ssssPb_Avg,1513.0,0,0.0,0.0,0.0,0.0,0.0,0.0,0.0,0.0,0.0,0.0
First Zagreb (ZM1),1513.0,0,0.0,179.50165234633178,41.202078512169415,44.0,122.0,152.0,176.0,208.0,244.0,480.0
First Zagreb index by valence vertex degrees (ZM1V),1513.0,0,0.0,471.72598035029745,137.94850654451474,105.0,273.84198,376.0,459.0,553.02368,701.1999999999996,1446.0
Second Zagreb (ZM2),1513.0,0,0.0,210.64441506939855,46.17702805699832,47.0,141.60000000000002,181.0,207.0,240.0,283.0,547.0
Second Zagreb index by valence vertex degrees (ZM2V),1513.0,0,0.0,438.18009199603426,103.51752214373488,102.0,279.0,375.11111,432.0,494.62222,608.3076919999999,1263.0
Polarity (Pol),1513.0,0,0.0,55.06543291473893,13.105658390160233,10.0,35.0,47.0,54.0,63.0,76.0,149.0
Narumi Simple Topological (NST),1513.0,0,0.0,23.846780948975546,5.559707941817025,6.3561077,16.701199,19.879253,23.057306,27.333973,33.114716,62.999264
Narumi Harmonic Topological (NHT),1513.0,0,0.0,1.8643076578321216,0.09857383078783531,1.5692308,1.7142857,1.7956204,1.8591549,1.9270073,2.0392158,2.1587303
Narumi Geometric Topological (NGT),1513.0,0,0.0,2.02119978559154,0.07675553181704374,1.7494478,1.9085661,1.9663072,2.0168054,2.0725091,2.1514535,2.2266009
Total structure connectivity (TSC),1513.0,0,0.0,0.20915767441506938,0.026245497479072614,0.1259889,0.17377587,0.19127077,0.20825513,0.22428486,0.2446956,0.39664719
Wiener (W),1513.0,0,0.0,4161.393919365499,3532.757924210787,127.0,1174.0,1958.0,3230.0,5638.0,9026.4,71522.0
Mean Wiener (MW),1513.0,0,0.0,6.291951138532718,1.2984598486982482,2.5454545,4.454603179999999,5.2645502,6.3159666,7.3371797,8.17828256,15.361255
Xu (Xu),1513.0,0,0.0,30.982391103106412,6.518093676187244,10.175303,22.3062844,26.105637,30.178936,35.677937,41.1881218,72.188347
Quadratic (QIndex),1513.0,0,0.0,24.572372769332453,4.717293776090888,5.0,17.0,22.0,24.0,28.0,32.0,49.0
Radial centric (RC),1513.0,0,0.0,2.909192957237277,0.3039388442246849,1.4949188,2.4247909,2.6892464,2.9052503,3.1154556,3.34725596,4.3230972
Mean Square Distance Balaban (MSDB),1513.0,0,0.0,0.21708136644415071,0.023149772724596722,0.17199288,0.18720177,0.20175083,0.21327642,0.22843832,0.2683987,0.33884335
Superpendentic (SP),1513.0,0,0.0,256422535166106.6,9968561112996290.0,5.6568542,34.1610814,366.5242,2841.3333,33596.066,1931593.079999988,3.8775023e+17
Harary (Har),1513.0,0,0.0,145.28653095571713,50.05669240864367,22.109524,80.77543899999999,110.41387,136.56746,175.65475,230.32629999999995,581.6908
Log of product of row sums (LPRS),1513.0,0,0.0,183.23393978321215,61.814901645338196,32.133564,106.805914,136.69942,172.52158,224.3732,283.90091999999987,705.80597
Pogliani (Pog),1513.0,0,0.0,74.44900793787178,19.158449918932632,21.5,48.5,60.5,72.0,87.333336,105.56666399999997,218.5
Schultz Molecular Topological (SMT),1513.0,0,0.0,17558.86186384666,14552.747707746594,529.0,5129.6,8447.0,13734.0,23459.0,37619.2,296100.0
Schultz Molecular Topological by valence vertex degrees (SMTV),1513.0,0,0.0,28785.303763516193,24525.512714345987,885.0,7986.800000000001,14141.0,22801.0,37926.0,63252.04679999992,518719.0
Mean Distance Degree Deviation (MDDD),1513.0,0,0.0,37.31316919451421,18.079958994252387,3.2231405,16.8075754,23.680473,34.18182,48.16,65.52799219999997,255.2252
Ramification (Ram),1513.0,0,0.0,12.12491738268341,2.9400300783420747,2.0,8.0,10.0,12.0,14.0,17.0,34.0
Gutman Molecular Topological (GMT),1513.0,0,0.0,18048.758096497026,14913.65916700677,452.0,5328.2,8812.0,13992.0,23973.0,38645.4,305013.0
Gutman MTI by valence vertex degrees (GMTV),1513.0,0,0.0,48201.79658506279,42715.52774507201,1166.0,12096.4,23635.361,38276.0,62174.668,106756.70399999994,935012.0
Average vertex distance degree (AVDD),1513.0,0,0.0,218.66691506080633,104.67710372931657,25.4,102.03043199999999,141.36,197.05882,282.8718,379.08936799999975,1474.6804
Unipolarity (UP),1513.0,0,0.0,150.27891606080635,71.73845747828692,19.0,70.0,97.0,138.0,195.0,259.0,1054.0
Centralization (CENT),1513.0,0,0.0,2611.391275611368,2193.4841480879804,64.0,687.6,1196.0,1991.0,3437.0,5753.399999999996,40806.0
Variation (VAR),1513.0,0,0.0,164.98545935228023,82.61667107003453,12.0,71.0,110.0,143.0,212.0,296.7999999999997,1120.0
Molecular electrotopological variation (MEV),1513.0,0,0.0,47.92483165617978,23.6046281092139,5.3027778,17.744972800000003,28.87352,45.292164,61.833382,86.52307599999997,219.64426
Maximal electrotopological positive variation (MEPV),1513.0,0,0.0,5.841460128354263,1.2472122611835361,1.5127608,2.3594102,5.5746622,6.2150126,6.5998063,7.031905159999999,7.7600398
Maximal electrotopological negative variation (MENV),1513.0,0,0.0,3.257765557699934,1.599400915967932,1.031222,1.53285146,2.101788,2.4003956,5.1075597,5.950267659999997,7.1699042
Eccentric connectivity (ECCc),1513.0,0,0.0,897.6787838730997,418.63412310404357,99.0,413.80000000000007,603.0,822.0,1161.0,1510.9999999999993,6346.0
Eccentricity (ECC),1513.0,0,0.0,424.66424322538006,203.13375163980888,47.0,194.0,281.0,386.0,555.0,724.0,3048.0
Average eccentricity (AECC),1513.0,0,0.0,11.886522484534037,2.541323831414843,4.2727275,8.1199999,10.074074,11.806452,13.636364,15.559183799999998,31.42268
Eccentric (DECC),1513.0,0,0.0,1.755958560237938,0.40131783323042247,0.66115701,1.17330252,1.4583334,1.7283951,2.074074,2.36395958,5.0368795
Valence connectivity index chi-0 (vX0),1513.0,0,0.0,19.65423198433576,5.24010510394901,5.6345792,12.874076,15.587961,18.820955,23.470015,28.06964,54.732189
Valence connectivity index chi-1 (vX1),1513.0,0,0.0,11.609491186186384,3.1995073190113885,3.1629047,7.58883568,8.9656763,11.272316,14.064019,16.652316999999996,31.735069
Valence connectivity index chi-2 (vX2),1513.0,0,0.0,9.281808513615333,2.66183846030999,2.2700005,5.7922447,6.9974809,9.3179226,11.372461,13.2017098,24.783628
Valence connectivity index chi-3 (vX3),1513.0,0,0.0,6.374236824322538,1.7231915505413837,1.3191755,4.0271257,5.0163183,6.4030342,7.5722089,9.012879779999999,16.812365
Valence connectivity index chi-4 (vX4),1513.0,0,0.0,4.460415479649702,1.278189532735865,0.86673874,2.64331912,3.4613552,4.4194083,5.4162645,6.399843219999998,12.451345
Valence connectivity index chi-5 (vX5),1513.0,0,0.0,2.7705874722405817,0.8628126951745085,0.37931484,1.44882658,2.1252341,2.7282648,3.35341,4.17238496,7.4757533
Average valence connectivity index chi-0 (AvX0),1513.0,0,0.0,0.5746812698942497,0.026792954101166052,0.50261211,0.5290204279999999,0.55567163,0.57688963,0.593907,0.614848422,0.66388696
Average valence connectivity index chi-1 (AvX1),1513.0,0,0.0,0.31286370412425646,0.024479905006098958,0.25630465,0.273093714,0.29251945,0.31575745,0.33064201,0.34836839599999997,0.39664873
Average valence connectivity index chi-2 (AvX2),1513.0,0,0.0,0.17406750313945804,0.02212860394232947,0.12923671,0.139257626,0.15628223,0.17529224,0.19085974,0.20834339599999996,0.24818513
Average valence connectivity index chi-3 (AvX3),1513.0,0,0.0,0.09386856715664244,0.013754841388963483,0.068228342,0.07318983400000001,0.080851376,0.095401324,0.104166,0.11442031,0.14400348
Average valence connectivity index chi-4 (AvX4),1513.0,0,0.0,0.05206106573231989,0.00953681473965952,0.03427932,0.0380191028,0.043369506,0.052244052,0.058831502,0.0673013138,0.090647556
Average valence connectivity index chi-5 (AvX5),1513.0,0,0.0,0.028570835204230007,0.00645922389902312,0.01689416,0.0192484974,0.022524683,0.028546892,0.033382766,0.0391251326,0.053570841
Quasi Wiener (QW),1513.0,0,0.0,3553.6213847984136,3347.8451762325412,89.714287,883.8666400000002,1537.9714,2617.3999,4812.0,8158.518059999996,69967.992
First Mohar (FM),1513.0,0,0.0,215.68987876087246,150.03697975396216,-114.9465,60.8506662,119.66499,173.07104,278.55875,477.2231839999995,2455.8259
Second Mohar (SM),1513.0,0,0.0,4.76076816807667,1.3811827095982836,1.0749454,2.6481833,3.5094731,4.9440031,5.7591915,6.61821898,15.893091
Spanning tree number (STN),1513.0,0,0.0,2499.777924653007,13582.885274268141,1.0,108.0,216.0,900.0,1296.0,6480.0,383040.0
Kier benzene-likeliness index (KBLI),1513.0,0,0.0,0.9385911128155981,0.0734397168299438,0.76891392,0.819281146,0.87755835,0.94727236,0.99192601,1.04510518,1.1899462
Topological charge index of order 1 (TCI1),1513.0,0,0.0,8.663582286847323,2.6260880063194216,1.5,5.0,7.0,8.5,10.5,13.0,24.0
Topological charge index of order 2 (TCI2),1513.0,0,0.0,4.332966185056179,1.0179150295040948,0.66666669,2.8888888,3.7777779,4.2777777,4.8888888,5.7777777,12.444445
Topological charge index of order 3 (TCI3),1513.0,0,0.0,2.981893049286186,0.7794533792516727,0.25,1.763889,2.4722223,3.0416667,3.4791667,4.2638888,6.8958335
Topological charge index of order 4 (TCI4),1513.0,0,0.0,2.1860978671645737,0.6353944187439096,0.34222221,1.1605556,1.7733333,2.1738889,2.5999999,3.1593332,6.5055556
Topological charge index of order 5 (TCI5),1513.0,0,0.0,1.4753675623093192,0.5002406288914808,0.0625,0.733499992,1.1672223,1.4444444,1.7847222,2.2777777,4.458611
Topological charge index of order 6 (TCI6),1513.0,0,0.0,1.001121269817581,0.36997590635558103,0.0,0.39091156000000005,0.75587302,1.0024036,1.2571882,1.5288162799999998,3.1422222
Topological charge index of order 7 (TCI7),1513.0,0,0.0,0.6936637014163913,0.2885022613633435,0.0,0.28055556,0.49309099,0.66230869,0.85590279,1.1875,3.0842192
Topological charge index of order 8 (TCI8),1513.0,0,0.0,0.5295378004135493,0.26886712781603905,0.0,0.15748614,0.33537257,0.49382716,0.71126229,0.98441041,2.2849898
Topological charge index of order 9 (TCI9),1513.0,0,0.0,0.368452780343688,0.21493573894963774,0.0,0.08074999740000001,0.20593365,0.33437499,0.50625771,0.7452530839999999,1.5034567
Topological charge index of order 10 (TCI10),1513.0,0,0.0,0.2690990037096497,0.19139967810937383,0.0,0.0329150104,0.11968166,0.22823793,0.3941516,0.6297520139999996,1.5027078
Mean topological charge index of order 1 (MTCI1),1513.0,0,0.0,0.23474787278255121,0.045840125805104374,0.10344828,0.16666667,0.203125,0.22916667,0.26595744,0.3125,0.40000001
Mean topological charge index of order 2 (MTCI2),1513.0,0,0.0,0.08322149594051553,0.012430872536281364,0.046783626,0.064073594,0.074074075,0.083333336,0.092063494,0.10401891,0.12698413
Mean topological charge index of order 3 (MTCI3),1513.0,0,0.0,0.05446332656972901,0.009720695544756398,0.023582175,0.0397806194,0.047727272,0.054140948,0.061038014,0.071513005,0.091203704
Mean topological charge index of order 4 (MTCI4),1513.0,0,0.0,0.040622334918043616,0.006758390160359823,0.023034189,0.030540936,0.035933334,0.039622221,0.045179486,0.0529832484,0.069444448
Mean topological charge index of order 5 (MTCI5),1513.0,0,0.0,0.027001611808460016,0.004063209765421121,0.0063131312,0.020681079600000003,0.024573045,0.026770834,0.029136285,0.034072105,0.053888887
Mean topological charge index of order 6 (MTCI6),1513.0,0,0.0,0.019119341910046266,0.0032720704863766327,0.0,0.0147498926,0.016933797,0.018996278,0.02124263,0.024254632799999995,0.053877551
Mean topological charge index of order 7 (MTCI7),1513.0,0,0.0,0.014334995029213484,0.0030444129480724762,0.0,0.00974245408,0.012326389,0.014434524,0.016349562,0.019131256799999996,0.025357293
Mean topological charge index of order 8 (MTCI8),1513.0,0,0.0,0.011431258546675479,0.0024176139299245105,0.0,0.0079200109,0.010253728,0.011400299,0.012834774,0.015001396,0.02544984
Mean topological charge index of order 9 (MTCI9),1513.0,0,0.0,0.00875739921407799,0.002276831468174989,0.0,0.0059558824,0.0074669146,0.0086500002,0.0098161763,0.012315867,0.020052725
Mean topological charge index of order 10 (MTCI10),1513.0,0,0.0,0.007305662099801719,0.0022255756482537493,0.0,0.00427801214,0.0061830427,0.0071676355,0.0083993506,0.010952362199999996,0.019249735
Global topological charge (GTC),1513.0,0,0.0,0.49369963504296105,0.06854075067715962,0.30152026,0.387844812,0.4474079,0.48604566,0.54251987,0.6089950319999997,0.74115056
Hyper-distance-path index (HDPI),1513.0,0,0.0,21690.061467283544,29053.187554282937,285.0,4075.8,7759.0,14926.0,29732.0,52212.799999999996,787536.0
Reciprocal hyper-distance-path index (RHDPI),1513.0,0,0.0,81.16017474487774,22.021705852015028,16.664286,50.941217800000004,66.407356,78.604515,95.021629,117.595802,247.6337
Square reciprocal distance sum (SRDS),1513.0,0,0.0,145.28653095571713,50.05669240864367,22.109524,80.77543899999999,110.41387,136.56746,175.65475,230.32629999999995,581.6908
Modified Randic connectivity (MRC),1513.0,0,0.0,105.26491677726372,26.693116174066414,29.885096,70.3878314,85.906052,101.37194,123.97832,150.30264399999993,290.75412
Balaban centric (BC),1513.0,0,0.0,0.729676140118969,12.750050252554473,0.0,0.0,0.0,0.0,0.0,0.0,249.0
Lopping centric (LC),1513.0,0,0.0,0.006609385327164574,0.11482073141028509,0.0,0.0,0.0,0.0,0.0,0.0,2.0
Kier Hall electronegativity (KHE),1513.0,0,0.0,18.84888514071381,5.411666695933739,5.5,11.666667,14.75,18.5,22.277779,27.777779,58.75
Sum of topological distances between N..N (STD(N N)),1513.0,0,0.0,30.922670191672175,39.155705595686165,0.0,2.0,9.0,24.0,39.0,79.0,1056.0
Sum of topological distances between N..O (STD(N O)),1513.0,0,0.0,70.90879048248513,120.11617891535919,0.0,9.0,27.0,50.0,90.0,164.0,3387.0
Sum of topological distances between N..S (STD(N S)),1513.0,0,0.0,6.508922670191672,11.3258066026675,0.0,0.0,0.0,0.0,11.0,30.0,80.0
Sum of topological distances between N..P (STD(N P)),1513.0,0,0.0,0.0,0.0,0.0,0.0,0.0,0.0,0.0,0.0,0.0
Sum of topological distances between N..F (STD(N F)),1513.0,0,0.0,34.411764705882355,47.20773683471505,0.0,0.0,0.0,11.0,54.0,136.1999999999996,317.0
Sum of topological distances between N..Cl (STD(N Cl)),1513.0,0,0.0,4.265036351619299,12.550393668413086,0.0,0.0,0.0,0.0,0.0,33.0,96.0
Sum of topological distances between N..Br (STD(N Br)),1513.0,0,0.0,0.47455386649041637,3.5479771347324913,0.0,0.0,0.0,0.0,0.0,0.0,62.0
Sum of topological distances between N..I (STD(N I)),1513.0,0,0.0,0.050892267019167214,1.0379955294730485,0.0,0.0,0.0,0.0,0.0,0.0,29.0
Sum of topological distances between O..O (STD(O O)),1513.0,0,0.0,41.67680105750165,100.62007145811509,0.0,0.0,2.0,16.0,45.0,138.0,2323.0
Sum of topological distances between O..S (STD(O S)),1513.0,0,0.0,7.786516853932584,15.494580998102512,0.0,0.0,0.0,0.0,12.0,39.0,136.0
Sum of topological distances between O..P (STD(O P)),1513.0,0,0.0,0.0,0.0,0.0,0.0,0.0,0.0,0.0,0.0,0.0
Sum of topological distances between O..F (STD(O F)),1513.0,0,0.0,35.74421678783873,56.72205516604499,0.0,0.0,0.0,0.0,54.0,162.0,493.0
Sum of topological distances between O..Cl (STD(O Cl)),1513.0,0,0.0,2.4355584930601455,8.706333481657568,0.0,0.0,0.0,0.0,0.0,18.0,128.0
Sum of topological distances between O..Br (STD(O Br)),1513.0,0,0.0,0.5241242564441507,3.4663317779941574,0.0,0.0,0.0,0.0,0.0,0.0,39.0
Sum of topological distances between O..I (STD(O I)),1513.0,0,0.0,0.0495703899537343,1.116045260868864,0.0,0.0,0.0,0.0,0.0,0.0,34.0
Sum of topological distances between S..S (STD(S S)),1513.0,0,0.0,0.04824851288830139,0.6703656599906342,0.0,0.0,0.0,0.0,0.0,0.0,14.0
Sum of topological distances between S..P (STD(S P)),1513.0,0,0.0,0.0,0.0,0.0,0.0,0.0,0.0,0.0,0.0,0.0
Sum of topological distances between S..F (STD(S F)),1513.0,0,0.0,4.193654990085922,11.847807464877405,0.0,0.0,0.0,0.0,0.0,29.399999999999864,97.0
Sum of topological distances between S..Cl (STD(S Cl)),1513.0,0,0.0,0.3113020489094514,2.000723535619364,0.0,0.0,0.0,0.0,0.0,0.0,32.0
Sum of topological distances between S..Br (STD(S Br)),1513.0,0,0.0,0.08327825512227363,0.7298922421077081,0.0,0.0,0.0,0.0,0.0,0.0,7.0
Sum of topological distances between S..I (STD(S I)),1513.0,0,0.0,0.0,0.0,0.0,0.0,0.0,0.0,0.0,0.0,0.0
Sum of topological distances between P..P (STD(P P)),1513.0,0,0.0,0.0,0.0,0.0,0.0,0.0,0.0,0.0,0.0,0.0
Sum of topological distances between P..F (STD(P F)),1513.0,0,0.0,0.0,0.0,0.0,0.0,0.0,0.0,0.0,0.0,0.0
Sum of topological distances between P..Cl (STD(P Cl)),1513.0,0,0.0,0.0,0.0,0.0,0.0,0.0,0.0,0.0,0.0,0.0
Sum of topological distances between P..Br (STD(P Br)),1513.0,0,0.0,0.0,0.0,0.0,0.0,0.0,0.0,0.0,0.0,0.0
Sum of topological distances between P..I (STD(P I)),1513.0,0,0.0,0.0,0.0,0.0,0.0,0.0,0.0,0.0,0.0,0.0
Sum of topological distances between F..F (STD(F F)),1513.0,0,0.0,6.33575677461996,21.726252552443285,0.0,0.0,0.0,0.0,4.0,36.0,465.0
Sum of topological distances between F..Cl (STD(F Cl)),1513.0,0,0.0,0.42233972240581624,3.242321507019735,0.0,0.0,0.0,0.0,0.0,0.0,64.0
Sum of topological distances between F..Br (STD(F Br)),1513.0,0,0.0,0.09319233311302048,1.6060113349815837,0.0,0.0,0.0,0.0,0.0,0.0,33.0
Sum of topological distances between F..I (STD(F I)),1513.0,0,0.0,0.051553205551883675,1.1569832974193035,0.0,0.0,0.0,0.0,0.0,0.0,26.0
Sum of topological distances between Cl..Cl (STD(Cl Cl)),1513.0,0,0.0,0.06345009914077991,0.5598497474654189,0.0,0.0,0.0,0.0,0.0,0.0,12.0
Sum of topological distances between Cl..Br (STD(Cl Br)),1513.0,0,0.0,0.08460013218770654,1.3688646627771435,0.0,0.0,0.0,0.0,0.0,0.0,30.0
Sum of topological distances between Cl..I (STD(Cl I)),1513.0,0,0.0,0.007931262392597489,0.30850469803743646,0.0,0.0,0.0,0.0,0.0,0.0,12.0
Sum of topological distances between Br..Br (STD(Br Br)),1513.0,0,0.0,0.0,0.0,0.0,0.0,0.0,0.0,0.0,0.0,0.0
Sum of topological distances between Br..I (STD(Br I)),1513.0,0,0.0,0.0,0.0,0.0,0.0,0.0,0.0,0.0,0.0,0.0
Sum of topological distances between I..I (STD(I I)),1513.0,0,0.0,0.0,0.0,0.0,0.0,0.0,0.0,0.0,0.0,0.0
Wiener-type index from Z weighted distance matrix - Barysz matrix (WhetZ),1513.0,0,0.0,3462.2166978294777,3101.2523436574065,89.529411,936.7797700000002,1549.7224,2590.9146,4742.2842,7519.053199999999,64440.191
Wiener-type index from electronegativity weighted distance matrix (Whete),1513.0,0,0.0,3498.6761895968275,3126.015050605274,93.206848,943.7824740000001,1561.287,2621.6997,4802.2104,7658.02186,64528.855
Wiener-type index from mass weighted distance matrix (Whetm),1513.0,0,0.0,3461.2833661943164,3101.4681100204944,89.404121,936.8561180000003,1549.6049,2590.6902,4733.5342,7516.56056,64453.938
Wiener-type index from van der waals weighted distance matrix (Whetv),1513.0,0,0.0,4448.129351143423,4132.582109837446,107.49856,1121.2645400000001,1917.3495,3302.4424,6148.7935,9996.675279999996,85287.125
Wiener-type index from polarizability weighted distance matrix (Whetp),1513.0,0,0.0,4675.62365762723,4382.466588180338,111.46667,1156.57526,2004.5071,3502.2046,6471.1494,10575.398999999996,90948.875
Balaban-type index from Z weighted distance matrix - Barysz matrix (JhetZ),1513.0,0,0.0,1.8470285916721747,0.34682951031512516,1.225221,1.4501566799999999,1.6459076,1.8315732,1.9867438,2.25779668,5.9105558
Balaban-type index from electronegativity weighted distance matrix (Jhete),1513.0,0,0.0,1.830035153271646,0.3426861739333708,1.2239989,1.44668826,1.6318166,1.8061802,1.9736519,2.2375860199999997,5.8376613
Balaban-type index from mass weighted distance matrix (Jhetm),1513.0,0,0.0,1.8474400112359552,0.34696124959995234,1.2250236,1.45022096,1.6460637,1.8316902,1.9873695,2.25920084,5.9095459
Balaban-type index from van der waals weighted distance matrix (Jhetv),1513.0,0,0.0,1.4884569944481165,0.28790176116466193,0.9856022,1.1497024,1.3064482,1.4677536,1.6137859,1.8246724599999997,4.6103086
Balaban-type index from polarizability weighted distance matrix (Jhetp),1513.0,0,0.0,1.4262717693192335,0.28075377790809375,0.93715042,1.09753186,1.2423691,1.4068593,1.5505166,1.7704925799999995,4.3854947
Topological diameter (TD),1513.0,0,0.0,15.224719101123595,3.375095090333746,5.0,10.0,13.0,15.0,17.0,20.0,41.0
Topological radius (TR),1513.0,0,0.0,7.8744216787838734,1.7282549459059093,3.0,5.0,7.0,8.0,9.0,10.0,21.0
Petitjean 2D shape (PJ2DS),1513.0,0,0.0,0.9339832843621944,0.06646657342749188,0.625,0.83333331,0.875,0.90909094,1.0,1.0,1.0
Balaban distance connectivity index (J),1513.0,0,0.0,1.513778536087244,0.2998874149220562,1.0550112,1.22254082,1.3727531,1.4817556,1.6073352,1.8008107999999994,5.4098969
Solvation connectivity index chi-0 (SCIX0),1513.0,0,0.0,24.71532928578982,6.328408196507736,7.3973413,16.233841,20.060114,23.630104,29.044317,35.07062379999999,71.792862
Solvation connectivity index chi-1 (SCIX1),1513.0,0,0.0,16.560927979577,4.130637895077581,4.8256984,11.188307,13.530843,15.940873,19.292154,23.4529174,45.845371
Solvation connectivity index chi-2 (SCIX2),1513.0,0,0.0,15.760989132319896,3.993848139675739,3.9145727,10.332501,12.788076,15.352718,18.648491,22.078218,42.446686
Solvation connectivity index chi-3 (SCIX3),1513.0,0,0.0,12.457430291672173,2.8009652546681627,2.8323519,8.56463336,10.619482,12.084651,14.313497,17.0826,32.031887
Solvation connectivity index chi-4 (SCIX4),1513.0,0,0.0,10.04627153139458,2.2299774489079915,2.0260386,6.78120778,8.5445681,9.8756819,11.416211,13.842994199999998,23.777504
Solvation connectivity index chi-5 (SCIX5),1513.0,0,0.0,7.209497425776603,1.639395065307461,1.1767464,4.69347952,6.1312099,7.1013656,8.2360916,9.851773099999997,18.526358
Connectivity index chi-0 (CIX0),1513.0,0,0.0,24.51972873291474,6.357789723593743,7.3973413,16.070704,19.76722,23.424074,28.794317,34.91585059999998,71.792862
Connectivity chi-1 [Randic connectivity] (CIX1),1513.0,0,0.0,16.256126803304692,4.029120754982928,4.8256984,11.13103,13.39378,15.681178,18.825632,22.857471999999998,45.845371
Connectivity index chi-2 (CIX2),1513.0,0,0.0,15.314460338664905,3.771443930783784,3.9145727,10.234460799999999,12.618859,14.963077,18.015587,21.0929202,42.446686
Connectivity index chi-3 (CIX3),1513.0,0,0.0,12.076124080568407,2.7057240002664082,2.8323519,8.32333606,10.366127,11.845902,13.758643,16.3777804,32.031887
Connectivity index chi-4 (CIX4),1513.0,0,0.0,9.728616641110378,2.141204364241266,2.0260386,6.533592820000001,8.3382072,9.5803089,11.152901,13.1602564,23.777504
Connectivity index chi-5 (CIX5),1513.0,0,0.0,6.734257717052214,1.5485283394921536,1.1767464,4.277119320000001,5.7621608,6.6370716,7.8198366,9.090338099999999,17.920858
Average connectivity index chi-0 (ACIX0),1513.0,0,0.0,0.7179274682220754,0.016330107541891015,0.6752826,0.69056559,0.70692229,0.71840656,0.72955227,0.743400014,0.77711535
Average connectivity index chi-1 (ACIX1),1513.0,0,0.0,0.4402922505419695,0.00945301025745479,0.41211647,0.42515954,0.43386737,0.44016501,0.44666547,0.45478284199999996,0.48466703
Average connectivity index chi-2 (ACIX2),1513.0,0,0.0,0.2886171278321216,0.01343585384178203,0.25321734,0.26670384999999996,0.27790686,0.28980821,0.29911026,0.30734174799999997,0.33967477
Average connectivity index chi-3 (ACIX3),1513.0,0,0.0,0.17923374294117644,0.009617617429786994,0.15243194,0.16333979,0.17230245,0.17969538,0.1853649,0.19529901,0.21787322
Average connectivity index chi-4 (ACIX4),1513.0,0,0.0,0.11420364537210839,0.007681693756025742,0.093761444,0.101760348,0.10826162,0.11501176,0.1195336,0.125858524,0.14513598
Average connectivity index chi-5 (ACIX5),1513.0,0,0.0,0.07217651659814937,0.006495931319320646,0.05461977,0.0622855842,0.066927075,0.07281132,0.076764621,0.08156513439999999,0.10697694
reciprocal distance Randic-type index (RDR),1513.0,0,0.0,4.274670777131527,0.6433081233852024,2.1997392,3.43980338,3.7884891,4.2040677,4.7310419,5.263435379999998,8.3041325
reciprocal distance square Randic-type index (RDSR),1513.0,0,0.0,326.7585783172505,108.02135368501742,46.008682,183.805306,255.47714,311.5914,390.80212,508.40626999999984,1252.0002
1-path Kier alpha-modified shape index (KAMS1),1513.0,0,0.0,27.722004747323197,8.133790281235383,7.6388888,17.3467184,21.559149,26.110826,33.365784,41.142651,87.633759
2-path Kier alpha-modified shape index (KAMS2),1513.0,0,0.0,12.6474030773959,4.533675083476101,3.0681825,6.8571429,9.212018,11.769064,15.609283,20.440386799999988,44.8424
3-path Kier alpha-modified shape index (KAMS3),1513.0,0,0.0,10.911601925181758,4.071375444410505,2.8444445,5.7577853,7.4090595,10.562713,13.819818,17.654292199999997,38.208008
Kier flexibility (KF),1513.0,0,0.0,10.352560355783211,4.241193536740634,2.1972656,5.18063146,7.1516995,9.4884901,12.766534,17.844254799999995,40.512455
path/walk 2 - Randic shape index (RSIpw2),1513.0,0,0.0,0.588532293086583,0.012302229249499638,0.54000002,0.568727958,0.58031744,0.58826405,0.5959627,0.61023808,0.62922823
path/walk 3 - Randic shape index (RSIpw3),1513.0,0,0.0,0.3386311963384005,0.017962922793964827,0.27252597,0.314419034,0.32593882,0.33526233,0.35207078,0.37052242,0.39067635
path/walk 4 - Randic shape index (RSIpw4),1513.0,0,0.0,0.18094665695968273,0.01657162262584885,0.13749196,0.15599166,0.16901924,0.17930086,0.19199984,0.20918548,0.2306549
path/walk 5 - Randic shape index (RSIpw5),1513.0,0,0.0,0.10318286357898214,0.01113035314192141,0.076379992,0.086268398,0.094854467,0.10117662,0.11104694,0.12242871599999998,0.13840055
E-state topological parameter (ETP),1513.0,0,0.0,82.7702006107072,24.294706140103223,23.333334,49.31666800000001,65.0,81.083336,96.722221,123.08334,269.0
Ring Count 3 (RNGCNT3),1513.0,0,0.0,0.0991407799074686,0.3011539568011857,0.0,0.0,0.0,0.0,0.0,1.0,2.0
Ring Count 4 (RNGCNT4),1513.0,0,0.0,0.051553205551883675,0.22119631738504242,0.0,0.0,0.0,0.0,0.0,1.0,1.0
Ring Count 5 (RNGCNT5),1513.0,0,0.0,0.6748182419035029,0.644477237303586,0.0,0.0,0.0,1.0,1.0,2.0,3.0
Ring Count 6 (RNGCNT6),1513.0,0,0.0,2.871116986120291,0.7917680855227031,0.0,2.0,2.0,3.0,3.0,4.0,5.0
Ring Count 7 (RNGCNT7),1513.0,0,0.0,0.0356906807666887,0.18557914361276387,0.0,0.0,0.0,0.0,0.0,0.0,1.0
Ring Count 8 (RNGCNT8),1513.0,0,0.0,0.0019828155981493722,0.04449935759305013,0.0,0.0,0.0,0.0,0.0,0.0,1.0
Ring Count 9 (RNGCNT9),1513.0,0,0.0,0.0,0.0,0.0,0.0,0.0,0.0,0.0,0.0,0.0
Ring Count 10 (RNGCNT10),1513.0,0,0.0,0.0,0.0,0.0,0.0,0.0,0.0,0.0,0.0,0.0
Ring Count 11 (RNGCNT11),1513.0,0,0.0,0.0,0.0,0.0,0.0,0.0,0.0,0.0,0.0,0.0
Ring Count 12 (RNGCNT12),1513.0,0,0.0,0.0,0.0,0.0,0.0,0.0,0.0,0.0,0.0,0.0
Ring Count 13 (RNGCNT13),1513.0,0,0.0,0.0013218770654329147,0.036345602321525866,0.0,0.0,0.0,0.0,0.0,0.0,1.0
Ring Count 14 (RNGCNT14),1513.0,0,0.0,0.003304692663582287,0.05741036570514256,0.0,0.0,0.0,0.0,0.0,0.0,1.0
Ring Count 15 (RNGCNT15),1513.0,0,0.0,0.014540647719762063,0.11974428704205399,0.0,0.0,0.0,0.0,0.0,0.0,1.0
Ring Count 16 (RNGCNT16),1513.0,0,0.0,0.016523463317911435,0.127519355873487,0.0,0.0,0.0,0.0,0.0,0.0,1.0
Ring Count 17 (RNGCNT17),1513.0,0,0.0,0.0,0.0,0.0,0.0,0.0,0.0,0.0,0.0,0.0
Ring Count 18 (RNGCNT18),1513.0,0,0.0,0.0,0.0,0.0,0.0,0.0,0.0,0.0,0.0,0.0
Ring Count 19 (RNGCNT19),1513.0,0,0.0,0.0,0.0,0.0,0.0,0.0,0.0,0.0,0.0,0.0
Ring Count 20 (RNGCNT20),1513.0,0,0.0,0.0,0.0,0.0,0.0,0.0,0.0,0.0,0.0,0.0
Atom Count (ATMCNT),1513.0,0,0.0,34.08922670191672,8.520088089629928,10.0,23.0,28.0,33.0,40.0,48.0,97.0
Bond Count (BNDCNT),1513.0,0,0.0,36.859220092531395,8.766481600727415,10.0,25.0,31.0,36.0,43.0,51.0,101.0
Atoms in Ring System (ATMRNGCNT),1513.0,0,0.0,20.736285525446135,4.504977987709158,0.0,15.0,18.0,21.0,24.0,28.0,39.0
Bonds in Ring System (BNDRNGCNT),1513.0,0,0.0,21.601454064771975,4.993294233498233,0.0,15.0,18.0,22.0,24.0,29.0,43.0
Cyclomatic number (CYCLONUM),1513.0,0,0.0,3.769993390614673,0.8773900464486025,0.0,3.0,3.0,4.0,4.0,5.0,7.0
Number of ring systems (NRS),1513.0,0,0.0,2.90482485128883,1.1610678521368176,-1.0,1.0,2.0,3.0,4.0,4.0,5.0
Normalized number of ring systems (NNRS),1513.0,0,0.0,0.7920844767151354,0.3034469174747352,-0.33333334,0.2,0.60000002,1.0,1.0,1.0,1.0
Ring Fusion degree (RFD),1513.0,0,0.0,1.3089557159286187,1.0666106999863478,-5.0,1.0,1.0,1.0,1.6666666,3.0,5.0
Ring perimeter (RNGPERM),1513.0,0,0.0,40.29808327825512,9.864779033073525,0.0,27.0,33.0,41.0,44.0,56.0,83.0
Ring bridge count (RNGBDGE),1513.0,0,0.0,-18.696629213483146,4.93943161325568,-41.0,-27.0,-21.0,-19.0,-15.0,-12.0,0.0
Molecule cyclized degree (MCD),1513.0,0,0.0,0.632233678440846,0.1550238948166211,0.0,0.40909091,0.51428574,0.61904764,0.75862068,0.87878788,0.96428573
Ring Fusion density (RFDELTA),1513.0,0,0.0,-1.792542368935889,0.24651733587872224,-2.7368422,-2.25,-1.925926,-1.6666666,-1.6521739,-1.6190476,0.0
Ring complexity index (RCI),1513.0,0,0.0,0.14096010066226042,0.052117768265559784,-0.055555556,0.041666668,0.11111111,0.16666667,0.17391305,0.19047619,0.21428572
Van der Waals surface area (VSA),1513.0,0,0.0,584.9956014540647,175.59263245994086,162.99065,368.305396,440.69507,562.81158,715.38953,856.9671039999998,1734.2042
MR1 (MR1),1513.0,0,0.0,4.811952860013219,9.706744389143262,-3.4995475,0.0,0.0,1.7809315,4.4493618,25.13673,107.60833
MR2 (MR2),1513.0,0,0.0,0.0,0.0,0.0,0.0,0.0,0.0,0.0,0.0,0.0
MR3 (MR3),1513.0,0,0.0,0.0,0.0,0.0,0.0,0.0,0.0,0.0,0.0,0.0
MR4 (MR4),1513.0,0,0.0,0.0,0.0,0.0,0.0,0.0,0.0,0.0,0.0,0.0
MR5 (MR5),1513.0,0,0.0,0.0,0.0,0.0,0.0,0.0,0.0,0.0,0.0,0.0
MR6 (MR6),1513.0,0,0.0,0.0,0.0,0.0,0.0,0.0,0.0,0.0,0.0,0.0
MR7 (MR7),1513.0,0,0.0,0.0,0.0,0.0,0.0,0.0,0.0,0.0,0.0,0.0
MR8 (MR8),1513.0,0,0.0,580.1836480898877,175.0033601291414,154.1377,364.57385000000005,435.33551,558.89227,706.94885,854.7038819999999,1651.7325
ALOGP1 (ALOGP1),1513.0,0,0.0,60.76176899087905,28.644908948530112,0.0,23.3472856,39.280754,57.366234,79.586899,102.43233199999999,267.75031
ALOGP2 (ALOGP2),1513.0,0,0.0,73.89944907561137,33.07215116413943,-5.5363908,28.213524,47.173035,71.162086,96.902084,136.75847,205.6286
ALOGP3 (ALOGP3),1513.0,0,0.0,92.2603883945803,38.261099038204144,20.071724,45.723131800000004,66.194153,91.521729,113.07536,145.4348899999996,547.73535
ALOGP4 (ALOGP4),1513.0,0,0.0,15.31655330495704,13.028614010424434,-3.2393446,0.0,4.4493618,10.921895,21.84379,40.177792,62.021584
ALOGP5 (ALOGP5),1513.0,0,0.0,18.51465402802379,19.445223282800583,0.0,2.646255,7.938765,11.161491,18.911983,63.474167,118.69585
ALOGP6 (ALOGP6),1513.0,0,0.0,10.291902733093192,11.383607921250968,0.0,0.0,4.6843634,9.7495518,14.198477,24.225288999999925,78.064568
ALOGP7 (ALOGP7),1513.0,0,0.0,2.894468764560476,7.7107447245950045,0.0,0.0,0.0,0.0,4.2982249,13.584602,76.773331
ALOGP8 (ALOGP8),1513.0,0,0.0,0.9275032688697951,4.754296626163277,0.0,0.0,0.0,0.0,0.0,0.0,28.675526
ALOGP9 (ALOGP9),1513.0,0,0.0,11.667786526972902,14.366147312332126,-0.81830543,0.0,0.0,0.0,17.775217,35.550434,53.325649
ALOGP10 (ALOGP10),1513.0,0,0.0,298.46112665499004,113.10666245922735,53.810783,139.10994,200.8679,296.20532,382.14346,479.97931,931.38257
PEOE1 (PEOE1),1513.0,0,0.0,18.110845555287508,16.254792909706175,-3.800463,0.0,6.203773,18.41943,28.171394,43.075066,196.00017
PEOE2 (PEOE2),1513.0,0,0.0,32.071442781229344,18.368019488451633,0.0,9.4417677,19.458784,30.791382,40.498199,60.594009,199.01541
PEOE3 (PEOE3),1513.0,0,0.0,24.78377008050231,18.57499134655599,0.0,0.7049579,9.4417677,19.413637,35.997692,55.88744,115.51899
PEOE4 (PEOE4),1513.0,0,0.0,14.335295951242564,22.505220757587406,-0.30091545,0.0,0.0,0.0,33.175568,54.055416,123.26793
PEOE5 (PEOE5),1513.0,0,0.0,3.0754658350561797,9.775070974130541,-1.2397236,0.0,0.0,0.0,0.0,15.935058,94.800087
PEOE6 (PEOE6),1513.0,0,0.0,52.34884633205552,25.993799546156872,0.0,17.159994,34.319988,51.479984,66.553795,99.148064,161.34286
PEOE7 (PEOE7),1513.0,0,0.0,48.7637398902842,18.20151910063118,-3.551821,21.5918792,36.54715,47.624382,58.844093,83.637657,124.27273
PEOE8 (PEOE8),1513.0,0,0.0,181.83558005961666,99.71770172405243,1.9169697,44.616966399999995,102.23377,171.91722,253.67908,329.71354599999984,865.47333
PEOE9 (PEOE9),1513.0,0,0.0,148.44234840132188,60.5488327444361,-5.5363908,64.76268,102.51045,140.68362,185.65926,257.03613599999994,378.51627
PEOE10 (PEOE10),1513.0,0,0.0,30.371696541969598,12.16245246937354,-2.2161908,11.856507,20.13299,30.107586,37.133846,51.23107579999997,121.6719
PEOE11 (PEOE11),1513.0,0,0.0,3.4886500895836083,5.148336129228982,-7.2863083,0.0,0.0,0.55013001,7.9801702,13.265572999999916,29.823961
PEOE12 (PEOE12),1513.0,0,0.0,11.740560254527429,9.07340591770055,-6.1064663,0.0,7.9801702,8.1883268,15.87979,24.148668,80.218018
PEOE13 (PEOE13),1513.0,0,0.0,1.2397616835029743,3.293803663214149,-7.3799906,0.0,0.0,0.0,0.0,7.9801702,16.681131
PEOE14 (PEOE14),1513.0,0,0.0,14.387597209081294,13.329889811624367,-1.2735245,0.0,0.0,21.710098,24.663788,34.682064,61.65947
